case,config,part_a,part_b,part_a_name,part_b_name,is_adjacent,mean_bbox_overlap,volume_bbox_overlap,thin_axis_overlap,normalized_center_distance,normalized_center_distance_xy,invalid_overlap_penalty,pair_separation_or_contact_score
0012_11_frame001,multishell_topology_decoder_true,0,1,head_hair,torso_shoulder,True,0.6895510454747948,0.5160112438164044,1.0,0.24376812242072865,0.19619658097575368,0.0,0.40991615475318105
0012_11_frame001,multishell_topology_decoder_true,0,2,head_hair,left_arm_endpoint,False,0.6666666666666666,0.0,1.0,0.24854929725628505,0.21483971221651083,0.0,0.3452073573003959
0012_11_frame001,multishell_topology_decoder_true,0,3,head_hair,right_arm_endpoint,False,0.8983481407485169,0.8858037628625488,1.0,0.2368106122196753,0.12012661971794551,0.65,0.32890362808288237
0012_11_frame001,multishell_topology_decoder_true,0,4,head_hair,left_leg,False,1.0,1.0,1.0,0.1324497981129609,0.1015550142205705,1.0,0.1839580529346679
0012_11_frame001,multishell_topology_decoder_true,0,5,head_hair,right_leg,False,0.9939197604202551,0.993882411852186,1.0,0.13004429837273476,0.10910871352112335,1.0,0.18061708107324273
0012_11_frame001,multishell_topology_decoder_true,0,6,head_hair,left_foot_endpoint,False,0.9260200431675876,0.9197526625207177,1.0,0.22386506821760074,0.10802159213438078,1.0,0.31092370585777884
0012_11_frame001,multishell_topology_decoder_true,0,7,head_hair,right_foot_endpoint,False,0.9136145369312322,0.9048477551021329,1.0,0.29303128866023315,0.19018004074119402,1.0,0.4069879009169905
0012_11_frame001,multishell_topology_decoder_true,1,2,torso_shoulder,left_arm_endpoint,True,0.8596601089819987,0.8428122249630609,0.9928117251501916,0.1425281948505857,0.07150316374530111,0.0,0.7225169632962369
0012_11_frame001,multishell_topology_decoder_true,1,3,torso_shoulder,right_arm_endpoint,True,0.7976876600345149,0.7709788857133436,1.0,0.20252353997996977,0.15308924505253163,0.0,0.4986453263499924
0012_11_frame001,multishell_topology_decoder_true,1,4,torso_shoulder,left_leg,True,1.0,1.0,1.0,0.11344215450726565,0.09531505786438735,0.0,0.6483982014061712
0012_11_frame001,multishell_topology_decoder_true,1,5,torso_shoulder,right_leg,True,0.999764085990582,0.9997640303132685,1.0,0.13007188427937505,0.09144963942134965,0.0,0.659891283705598
0012_11_frame001,multishell_topology_decoder_true,1,6,torso_shoulder,left_foot_endpoint,False,0.8285454253294189,0.8096503669167059,1.0,0.41116269924329907,0.26643911963671607,1.0,0.5710593045045821
0012_11_frame001,multishell_topology_decoder_true,1,7,torso_shoulder,right_foot_endpoint,False,0.9407107724657807,0.9368007723249056,1.0,0.4087916889166485,0.3474421185305546,1.0,0.5677662346064563
0012_11_frame001,multishell_topology_decoder_true,2,3,left_arm_endpoint,right_arm_endpoint,False,0.4524634735598824,0.0756298539617919,1.0,0.3231780267847379,0.208493388561189,0.0,0.4488583705343582
0012_11_frame001,multishell_topology_decoder_true,2,4,left_arm_endpoint,left_leg,False,1.0,1.0,1.0,0.17053110521282291,0.12880257569326542,1.0,0.23684875724003182
0012_11_frame001,multishell_topology_decoder_true,2,5,left_arm_endpoint,right_leg,False,1.0,1.0,1.0,0.12926871146896482,0.1080896624361541,1.0,0.17953987704022892
0012_11_frame001,multishell_topology_decoder_true,2,6,left_arm_endpoint,left_foot_endpoint,False,0.9437006669130868,0.940195372374896,1.0,0.3338051341369385,0.2567962114632014,1.0,0.46361824185685907
0012_11_frame001,multishell_topology_decoder_true,2,7,left_arm_endpoint,right_foot_endpoint,False,0.8527154617439282,0.846491643609857,1.0,0.49394901808459746,0.38886505660329407,1.0,0.6860403028952743
0012_11_frame001,multishell_topology_decoder_true,3,4,right_arm_endpoint,left_leg,False,1.0,1.0,1.0,0.1671474642913968,0.08947415861041635,1.0,0.23214925596027333
0012_11_frame001,multishell_topology_decoder_true,3,5,right_arm_endpoint,right_leg,False,0.953011109069648,0.9506120994210021,1.0,0.22542896376589602,0.11881872936502731,1.0,0.3130957830081889
0012_11_frame001,multishell_topology_decoder_true,3,6,right_arm_endpoint,left_foot_endpoint,False,0.6790912030428439,0.33404154385574886,1.0,0.4586071089397833,0.22740059814322533,0.33007879007124785,0.6369543179719213
0012_11_frame001,multishell_topology_decoder_true,3,7,right_arm_endpoint,right_foot_endpoint,False,1.0,1.0,1.0,0.23024690449094062,0.20047347757512085,1.0,0.31978736734852864
0012_11_frame001,multishell_topology_decoder_true,4,5,left_leg,right_leg,False,1.0,1.0,1.0,0.05909760685243533,0.02944285136414962,0.85,0.08208000951727129
0012_11_frame001,multishell_topology_decoder_true,4,6,left_leg,left_foot_endpoint,True,0.8273653469734429,0.8097105891954722,1.0,0.3240976611644613,0.18509030349184735,0.0,0.4311412306090863
0012_11_frame001,multishell_topology_decoder_true,4,7,left_leg,right_foot_endpoint,False,0.8490907837657291,0.8426107384309098,1.0,0.32547845522761193,0.260404423813569,0.95,0.4520534100383499
0012_11_frame001,multishell_topology_decoder_true,5,6,right_leg,left_foot_endpoint,False,0.8787507436581697,0.8715475530777965,1.0,0.2831971128557767,0.17620355741315402,0.95,0.393329323410801
0012_11_frame001,multishell_topology_decoder_true,5,7,right_leg,right_foot_endpoint,True,0.8284567052193835,0.8200528166835368,0.9975837447874426,0.36766046612832665,0.2818137323301149,0.0,0.2777673154388764
0012_11_frame001,multishell_topology_decoder_true,6,7,left_foot_endpoint,right_foot_endpoint,False,0.7840409063864291,0.7182290786921909,1.0,0.47524159599672017,0.2520607307996115,0.7699711430237116,0.6600577722176669
0012_11_frame001,front_back_occupancy_true,0,1,head_hair,torso_shoulder,True,0.6264583825791964,0.0,1.0,0.28205492261078097,0.22205195031734956,0.0,0.36446416435365864
0012_11_frame001,front_back_occupancy_true,0,2,head_hair,left_arm_endpoint,False,0.5818569903464864,0.0,0.7455709710394592,0.32761349842658777,0.2521191227809009,0.0,0.45501874781470525
0012_11_frame001,front_back_occupancy_true,0,3,head_hair,right_arm_endpoint,False,0.7894542524472632,0.7737593573176562,1.0,0.24826733758596814,0.1220465257232522,0.65,0.344815746647178
0012_11_frame001,front_back_occupancy_true,0,4,head_hair,left_leg,False,0.9639095426696175,0.9625225282440872,1.0,0.2476261864499854,0.16010825714837698,1.0,0.3439252589583131
0012_11_frame001,front_back_occupancy_true,0,5,head_hair,right_leg,False,1.0,1.0,1.0,0.24425896843811234,0.2154635234994297,1.0,0.33924856727515607
0012_11_frame001,front_back_occupancy_true,0,6,head_hair,left_foot_endpoint,False,0.9126481291010683,0.9036658658002577,1.0,0.32564877355965643,0.12519739324207535,1.0,0.45228996327730064
0012_11_frame001,front_back_occupancy_true,0,7,head_hair,right_foot_endpoint,False,0.9654337144251066,0.9649463907113138,1.0,0.44429851408357096,0.3933167717447982,1.0,0.6170812695605152
0012_11_frame001,front_back_occupancy_true,1,2,torso_shoulder,left_arm_endpoint,True,0.8367095655722375,0.8215126550600242,0.9781568188225912,0.17205139554982918,0.0701317798060372,0.0,0.7270348853128864
0012_11_frame001,front_back_occupancy_true,1,3,torso_shoulder,right_arm_endpoint,True,0.8085640357454946,0.7824832402045361,1.0,0.21911947354330946,0.14586715207537893,0.0,0.5152863520554286
0012_11_frame001,front_back_occupancy_true,1,4,torso_shoulder,left_leg,True,0.7799361539672655,0.7624289779377642,1.0,0.5075575123211793,0.37752460878255556,0.0,0.1797800806898247
0012_11_frame001,front_back_occupancy_true,1,5,torso_shoulder,right_leg,True,0.7858353491320388,0.7427604572994162,1.0,0.5204351277443204,0.43668140684158424,0.0,0.13739222524178948
0012_11_frame001,front_back_occupancy_true,1,6,torso_shoulder,left_foot_endpoint,False,0.851023583394984,0.8208432482446184,1.0,0.4596653346244573,0.24861725399231016,1.0,0.6384240758673019
0012_11_frame001,front_back_occupancy_true,1,7,torso_shoulder,right_foot_endpoint,False,0.6666666666666666,0.0,1.0,0.6652099848589967,0.6114478392625552,0.0,0.9239027567486067
0012_11_frame001,front_back_occupancy_true,2,3,left_arm_endpoint,right_arm_endpoint,False,0.3493443152943907,0.0,0.6690793696754141,0.37456523735733005,0.20356977488016897,0.0,0.5202294963296251
0012_11_frame001,front_back_occupancy_true,2,4,left_arm_endpoint,left_leg,False,0.8281171575344844,0.7853324474496781,1.0,0.4875149556199869,0.39562988044416997,1.0,0.6771041050277596
0012_11_frame001,front_back_occupancy_true,2,5,left_arm_endpoint,right_leg,False,0.7786122809114874,0.6950927831785697,1.0,0.5598087195884679,0.46636086039596986,0.9225737641009822,0.7775121105395387
0012_11_frame001,front_back_occupancy_true,2,6,left_arm_endpoint,left_foot_endpoint,False,0.9708690025346316,0.9699766202619003,1.0,0.35754893581498226,0.24298520364937276,1.0,0.4965957441874754
0012_11_frame001,front_back_occupancy_true,2,7,left_arm_endpoint,right_foot_endpoint,False,0.6666666666666666,0.0,1.0,0.7127763181461096,0.6453503904983783,0.0,0.9899671085362635
0012_11_frame001,front_back_occupancy_true,3,4,right_arm_endpoint,left_leg,False,0.7713819905503597,0.679793746306991,1.0,0.4902757790262914,0.27814452803188927,0.8961961143223982,0.6809385819809602
0012_11_frame001,front_back_occupancy_true,3,5,right_arm_endpoint,right_leg,False,0.8901167252621974,0.8751864313660496,1.0,0.42297471845766665,0.3141614314738477,1.0,0.5874648867467592
0012_11_frame001,front_back_occupancy_true,3,6,right_arm_endpoint,left_foot_endpoint,False,0.6666666666666666,0.0,1.0,0.549125330004983,0.2186737025131647,0.0,0.7626740694513653
0012_11_frame001,front_back_occupancy_true,3,7,right_arm_endpoint,right_foot_endpoint,False,0.8011039629323079,0.7388342301914413,1.0,0.5493135558805016,0.4794480534083694,1.0,0.7629354942784744
0012_11_frame001,front_back_occupancy_true,4,5,left_leg,right_leg,False,0.9381600357095722,0.93739312840223,0.9797641421453825,0.18762055889584264,0.09809809986522171,0.85,0.26058410957755923
0012_11_frame001,front_back_occupancy_true,4,6,left_leg,left_foot_endpoint,True,0.8700179880045829,0.8693376470668486,0.8868023171492604,0.24795934501388212,0.17618772278853717,0.0,0.4489457218020358
0012_11_frame001,front_back_occupancy_true,4,7,left_leg,right_foot_endpoint,False,0.7847707769411133,0.7824366398848086,0.8694119514718849,0.39645009750889965,0.2702660953891353,0.95,0.5506251354290274
0012_11_frame001,front_back_occupancy_true,5,6,right_leg,left_foot_endpoint,False,0.7831156688036902,0.782307688436928,0.8338117869725747,0.4179079698609483,0.267934745535538,0.95,0.5804277359179838
0012_11_frame001,front_back_occupancy_true,5,7,right_leg,right_foot_endpoint,True,0.8320095519629952,0.8317134380519976,0.8076424934995746,0.27396336279261657,0.18079819544201,0.0,0.4396352033337597
0012_11_frame001,front_back_occupancy_true,6,7,left_foot_endpoint,right_foot_endpoint,False,0.7086633756021553,0.6841709577085249,0.9837031373759045,0.5910541425441812,0.4458139462595003,0.7229944244255516,0.8209085313113628
0012_11_frame001,collision_aware_topology_true,0,1,head_hair,torso_shoulder,True,0.6666666666666666,0.0,1.0,0.2470792856674068,0.21656224271069627,0.0,0.3736731364153379
0012_11_frame001,collision_aware_topology_true,0,2,head_hair,left_arm_endpoint,False,0.6097248482010023,0.0,1.0,0.2898738220289866,0.2227870634654591,0.0,0.40260253059581474
0012_11_frame001,collision_aware_topology_true,0,3,head_hair,right_arm_endpoint,False,0.7322147891476849,0.7111866919643262,0.9546844656887591,0.2814221008438602,0.15042370507320754,0.6177092237531241,0.3908640289498059
0012_11_frame001,collision_aware_topology_true,0,4,head_hair,left_leg,False,1.0,1.0,1.0,0.2075803560245026,0.18741182375452994,1.0,0.28830605003403137
0012_11_frame001,collision_aware_topology_true,0,5,head_hair,right_leg,False,0.9864821237878907,0.9862951591517822,1.0,0.21872951742466215,0.19585779119302832,1.0,0.3037909964231419
0012_11_frame001,collision_aware_topology_true,0,6,head_hair,left_foot_endpoint,False,0.9677033306952962,0.966600203995949,1.0,0.22814585032478976,0.14731036944143197,1.0,0.316869236562208
0012_11_frame001,collision_aware_topology_true,0,7,head_hair,right_foot_endpoint,False,0.967473139652225,0.9663537672957628,1.0,0.1858586214201174,0.07802003701053031,1.0,0.2581369741946075
0012_11_frame001,collision_aware_topology_true,1,2,torso_shoulder,left_arm_endpoint,True,0.7897840453834432,0.7332544575653386,0.9576928936439113,0.2412200158470549,0.10073920051303288,0.0,0.6326072820480136
0012_11_frame001,collision_aware_topology_true,1,3,torso_shoulder,right_arm_endpoint,True,0.7596034513125454,0.7414676694284851,1.0,0.2224581624181513,0.1335545901978034,0.0,0.5449472276098349
0012_11_frame001,collision_aware_topology_true,1,4,torso_shoulder,left_leg,True,1.0,1.0,1.0,0.07000841772764016,0.037804692411402795,0.0,0.8421143124408215
0012_11_frame001,collision_aware_topology_true,1,5,torso_shoulder,right_leg,True,1.0,1.0,1.0,0.04120362279923607,0.02344170905173046,0.0,0.898927203319268
0012_11_frame001,collision_aware_topology_true,1,6,torso_shoulder,left_foot_endpoint,False,0.9709404215927062,0.9700525230276856,1.0,0.26928862043683705,0.13744164031182235,1.0,0.37401197282894033
0012_11_frame001,collision_aware_topology_true,1,7,torso_shoulder,right_foot_endpoint,False,1.0,1.0,1.0,0.2634214446968606,0.22056713355078364,1.0,0.3658631176345286
0012_11_frame001,collision_aware_topology_true,2,3,left_arm_endpoint,right_arm_endpoint,False,0.5436768604222831,0.0,1.0,0.44372899787064274,0.20697356284484808,0.0,0.6162902748203372
0012_11_frame001,collision_aware_topology_true,2,4,left_arm_endpoint,left_leg,False,1.0,1.0,1.0,0.17983869532598032,0.07807496936022572,1.0,0.24977596573052824
0012_11_frame001,collision_aware_topology_true,2,5,left_arm_endpoint,right_leg,False,0.9225881298160856,0.9156777362858594,1.0,0.21326778561086795,0.08890829354177919,1.0,0.29620525779287216
0012_11_frame001,collision_aware_topology_true,2,6,left_arm_endpoint,left_foot_endpoint,False,1.0,1.0,1.0,0.09678461292419227,0.08495940796034396,1.0,0.1344230735058226
0012_11_frame001,collision_aware_topology_true,2,7,left_arm_endpoint,right_foot_endpoint,False,0.8938029210848578,0.8799727794845336,1.0,0.4253512281291538,0.2590177312601257,1.0,0.5907655946238248
0012_11_frame001,collision_aware_topology_true,3,4,right_arm_endpoint,left_leg,False,1.0,1.0,1.0,0.26627091457134083,0.1320285914459722,1.0,0.36982071468241784
0012_11_frame001,collision_aware_topology_true,3,5,right_arm_endpoint,right_leg,False,0.9967971149673698,0.9967868013803793,1.0,0.2377954487624424,0.12735829839427681,1.0,0.33027145661450336
0012_11_frame001,collision_aware_topology_true,3,6,right_arm_endpoint,left_foot_endpoint,False,0.808731021546904,0.7525501721219632,1.0,0.43752966233947266,0.18397530416668773,1.0,0.607680086582601
0012_11_frame001,collision_aware_topology_true,3,7,right_arm_endpoint,right_foot_endpoint,False,1.0,1.0,1.0,0.1400215108925808,0.11024687715430796,1.0,0.19447432068414
0012_11_frame001,collision_aware_topology_true,4,5,left_leg,right_leg,False,1.0,1.0,1.0,0.040575073941399406,0.015232142248949183,0.85,0.05635426936305473
0012_11_frame001,collision_aware_topology_true,4,6,left_leg,left_foot_endpoint,True,0.9191149447590862,0.9144642806728902,1.0,0.20008219339737385,0.09991912304783188,0.0,0.6349698052321079
0012_11_frame001,collision_aware_topology_true,4,7,left_leg,right_foot_endpoint,False,0.8829777175912684,0.8792068206041397,1.0,0.2730048911100976,0.20234497569559223,0.95,0.3791734598751356
0012_11_frame001,collision_aware_topology_true,5,6,right_leg,left_foot_endpoint,False,0.9400103848034597,0.9360020159126273,1.0,0.23323431124786229,0.11505488454047252,0.95,0.32393654339980876
0012_11_frame001,collision_aware_topology_true,5,7,right_leg,right_foot_endpoint,True,0.9122529844569064,0.9083607385368835,0.9925814541930797,0.2609801304067156,0.20530048165851564,0.0,0.3932994462362182
0012_11_frame001,collision_aware_topology_true,6,7,left_foot_endpoint,right_foot_endpoint,False,0.8466996879257067,0.8210390291884881,1.0,0.3916842656996116,0.19945012567344123,0.8,0.544005924582794
0013_01_frame001,multishell_topology_decoder_true,0,1,head_hair,torso_shoulder,True,0.6585535655444333,0.0,1.0,0.1947263856323451,0.17100996654800443,0.0,0.459637092707618
0013_01_frame001,multishell_topology_decoder_true,0,2,head_hair,left_arm_endpoint,False,0.5995095338839418,0.0,1.0,0.27499119110017023,0.21982398814996607,0.0,0.38193220986134757
0013_01_frame001,multishell_topology_decoder_true,0,3,head_hair,right_arm_endpoint,False,0.5772989058247392,0.5113710693879184,1.0,0.3092618631526885,0.1804054799792516,0.39377792258990857,0.42953036548984513
0013_01_frame001,multishell_topology_decoder_true,0,4,head_hair,left_leg,False,1.0,1.0,1.0,0.14290454229758645,0.13049643728731053,1.0,0.19847853096887008
0013_01_frame001,multishell_topology_decoder_true,0,5,head_hair,right_leg,False,1.0,1.0,1.0,0.16855647415348513,0.1536129237437007,1.0,0.23410621410206267
0013_01_frame001,multishell_topology_decoder_true,0,6,head_hair,left_foot_endpoint,False,1.0,1.0,1.0,0.25437614393660757,0.10107297289006255,1.0,0.353300199911955
0013_01_frame001,multishell_topology_decoder_true,0,7,head_hair,right_foot_endpoint,False,1.0,1.0,1.0,0.38838723740817915,0.3509417427187836,1.0,0.539426718622471
0013_01_frame001,multishell_topology_decoder_true,1,2,torso_shoulder,left_arm_endpoint,True,0.8334215461916625,0.8185051064891333,1.0,0.21651797919302207,0.09393144602450447,0.0,0.6524889216176338
0013_01_frame001,multishell_topology_decoder_true,1,3,torso_shoulder,right_arm_endpoint,True,0.9058040210392525,0.8980435029139443,1.0,0.20320212690115316,0.08279593694956242,0.0,0.686365380817294
0013_01_frame001,multishell_topology_decoder_true,1,4,torso_shoulder,left_leg,True,0.9983767951065263,0.9983741531611589,0.995130385319579,0.07644434339127837,0.04609303236936742,0.0,0.8109784612367665
0013_01_frame001,multishell_topology_decoder_true,1,5,torso_shoulder,right_leg,True,0.9860602102423295,0.9858612480686173,1.0,0.051171947767653,0.024471650319692367,0.0,0.894728665079822
0013_01_frame001,multishell_topology_decoder_true,1,6,torso_shoulder,left_foot_endpoint,False,0.9363879915334042,0.9318489345588711,1.0,0.35716130487816977,0.19791269591083566,1.0,0.4960573678863469
0013_01_frame001,multishell_topology_decoder_true,1,7,torso_shoulder,right_foot_endpoint,False,0.7415743754182219,0.6079706153694044,1.0,0.5655866419539582,0.518969653242857,0.8495994429419741,0.785537002713831
0013_01_frame001,multishell_topology_decoder_true,2,3,left_arm_endpoint,right_arm_endpoint,False,0.6192781721893047,0.40929494089151097,1.0,0.4182363443076289,0.17585606518451213,0.3868369772454481,0.5808838115383735
0013_01_frame001,multishell_topology_decoder_true,2,4,left_arm_endpoint,left_leg,False,0.9473921837344953,0.9443530378420097,1.0,0.1724960082215957,0.10026181947332985,1.0,0.2395777891966607
0013_01_frame001,multishell_topology_decoder_true,2,5,left_arm_endpoint,right_leg,False,0.9144291673998731,0.905841632203906,1.0,0.17569770137713772,0.08727669151965876,1.0,0.24402458524602463
0013_01_frame001,multishell_topology_decoder_true,2,6,left_arm_endpoint,left_foot_endpoint,False,1.0,1.0,1.0,0.23783318040270543,0.20050631003734437,1.0,0.3303238616704242
0013_01_frame001,multishell_topology_decoder_true,2,7,left_arm_endpoint,right_foot_endpoint,False,0.6322811827487548,0.41195516868146237,1.0,0.6504903106334223,0.5683536614451813,0.4778460095682908,0.9034587647686422
0013_01_frame001,multishell_topology_decoder_true,3,4,right_arm_endpoint,left_leg,False,0.9160530365399479,0.907816327428175,1.0,0.26494087380460896,0.10608800025821703,1.0,0.3679734358397347
0013_01_frame001,multishell_topology_decoder_true,3,5,right_arm_endpoint,right_leg,False,0.8900201366864984,0.8750603104266617,1.0,0.24863144480788432,0.0987445776449962,1.0,0.3453214511220616
0013_01_frame001,multishell_topology_decoder_true,3,6,right_arm_endpoint,left_foot_endpoint,False,0.8020020431901665,0.7404757894503032,1.0,0.5351538445854933,0.24309012279252895,1.0,0.743269228590963
0013_01_frame001,multishell_topology_decoder_true,3,7,right_arm_endpoint,right_foot_endpoint,False,0.7797207540262131,0.6973794961145969,1.0,0.5738417603227985,0.5024944585958915,1.0,0.7970024448927758
0013_01_frame001,multishell_topology_decoder_true,4,5,left_leg,right_leg,False,1.0,1.0,1.0,0.029618452006958867,0.023835727889940803,0.85,0.04113673889855399
0013_01_frame001,multishell_topology_decoder_true,4,6,left_leg,left_foot_endpoint,True,0.9477505513424097,0.9447547132769997,1.0,0.281295727250477,0.15216614794220115,0.0,0.5007419858648481
0013_01_frame001,multishell_topology_decoder_true,4,7,left_leg,right_foot_endpoint,False,0.804034372213029,0.7529119076267544,1.0,0.528285165897439,0.4811290041886623,0.95,0.7337293970797765
0013_01_frame001,multishell_topology_decoder_true,5,6,right_leg,left_foot_endpoint,False,0.9260695538839779,0.9243629608496924,1.0,0.30694052108198683,0.1739552497776396,0.95,0.42630627928053727
0013_01_frame001,multishell_topology_decoder_true,5,7,right_leg,right_foot_endpoint,True,0.8133806010066701,0.7606721909738451,1.0,0.5512320373562373,0.5037640304068647,0.0,0.10128302008669918
0013_01_frame001,multishell_topology_decoder_true,6,7,left_foot_endpoint,right_foot_endpoint,False,0.778078668616453,0.7627406546746558,1.0,0.5136117120808598,0.38727985837276896,0.8,0.7133496001123053
0013_01_frame001,front_back_occupancy_true,0,1,head_hair,torso_shoulder,True,0.5336915287258633,0.4496271253875714,0.5707520678853667,0.22721138277482508,0.16970828902179907,0.0,0.46236469613143083
0013_01_frame001,front_back_occupancy_true,0,2,head_hair,left_arm_endpoint,False,0.5683081930055591,0.0,0.8025856381664831,0.2714328535965348,0.23718341557279657,0.0,0.3769900744396317
0013_01_frame001,front_back_occupancy_true,0,3,head_hair,right_arm_endpoint,False,0.355926885523999,0.3366002270352608,0.3793475092433638,0.3249356593422593,0.1770899053622958,0.19791404753951644,0.45129952686424907
0013_01_frame001,front_back_occupancy_true,0,4,head_hair,left_leg,False,1.0,1.0,1.0,0.26296278687808744,0.1644324371742343,1.0,0.3652260928862326
0013_01_frame001,front_back_occupancy_true,0,5,head_hair,right_leg,False,1.0,1.0,1.0,0.2550254500197821,0.2252427388996077,1.0,0.3542020139163641
0013_01_frame001,front_back_occupancy_true,0,6,head_hair,left_foot_endpoint,False,0.8397160043500254,0.8037057314024879,1.0,0.4697949234364243,0.179166361231631,1.0,0.652492949217256
0013_01_frame001,front_back_occupancy_true,0,7,head_hair,right_foot_endpoint,False,0.874398230449545,0.8541639702870641,1.0,0.4961085668835022,0.43764514066042604,1.0,0.6890396762270864
0013_01_frame001,front_back_occupancy_true,1,2,torso_shoulder,left_arm_endpoint,True,0.6497619378324894,0.6331109845244289,0.7823839644119815,0.2185348343060778,0.10778536371945355,0.0,0.6126671526846368
0013_01_frame001,front_back_occupancy_true,1,3,torso_shoulder,right_arm_endpoint,True,0.818421357241061,0.8074675986594403,0.8156388725863929,0.14051967865763165,0.049518751145874035,0.0,0.7984481621410957
0013_01_frame001,front_back_occupancy_true,1,4,torso_shoulder,left_leg,True,0.8796491358214612,0.8752455288582652,1.0,0.4854696644468457,0.3323913952590649,0.0,0.22071787461410003
0013_01_frame001,front_back_occupancy_true,1,5,torso_shoulder,right_leg,True,0.8718666020525961,0.8506798741222767,1.0,0.47316928283445786,0.39330552243500644,0.0,0.16733585561016917
0013_01_frame001,front_back_occupancy_true,1,6,torso_shoulder,left_foot_endpoint,False,0.7223702018421373,0.5508093928962483,1.0,0.5962504863480178,0.28028775889770513,0.7411902279066779,0.8281256754833581
0013_01_frame001,front_back_occupancy_true,1,7,torso_shoulder,right_foot_endpoint,False,0.6473791446079403,0.0,1.0,0.6752621890468574,0.6034797985108363,0.0,0.9378641514539686
0013_01_frame001,front_back_occupancy_true,2,3,left_arm_endpoint,right_arm_endpoint,False,0.432534040329108,0.2638206453357486,0.5862114844499697,0.3511923279688923,0.15382665020212552,0.1611010013830582,0.48776712217901713
0013_01_frame001,front_back_occupancy_true,2,4,left_arm_endpoint,left_leg,False,0.8220974168728432,0.7754480936228664,1.0,0.44603225757490583,0.38270906010466604,1.0,0.6194892466318137
0013_01_frame001,front_back_occupancy_true,2,5,left_arm_endpoint,right_leg,False,0.7685030340702911,0.6735058691406941,1.0,0.5083856445344448,0.4591689237196021,0.8853549467943002,0.7060911729645066
0013_01_frame001,front_back_occupancy_true,2,6,left_arm_endpoint,left_foot_endpoint,False,0.8816783567791724,0.8751310176840349,1.0,0.46101744454698024,0.2784884201993216,1.0,0.6403020063152504
0013_01_frame001,front_back_occupancy_true,2,7,left_arm_endpoint,right_foot_endpoint,False,0.6666666666666666,0.0,1.0,0.741719341688613,0.6726047774193278,0.0,1.0
0013_01_frame001,front_back_occupancy_true,3,4,right_arm_endpoint,left_leg,False,0.7910386755640703,0.7564902860303953,1.0,0.58562463661536,0.3412587969108709,1.0,0.8133675508546667
0013_01_frame001,front_back_occupancy_true,3,5,right_arm_endpoint,right_leg,False,0.8229311375542743,0.81317316712664,1.0,0.5389329431009339,0.39153313879712365,1.0,0.7485179765290748
0013_01_frame001,front_back_occupancy_true,3,6,right_arm_endpoint,left_foot_endpoint,False,0.6666666666666666,0.0,1.0,0.7021406705500041,0.3132624820041975,0.0,0.9751953757638946
0013_01_frame001,front_back_occupancy_true,3,7,right_arm_endpoint,right_foot_endpoint,False,0.5305796760593373,0.0,1.0,0.6963294378194791,0.5968346084439115,0.0,0.967124219193721
0013_01_frame001,front_back_occupancy_true,4,5,left_leg,right_leg,False,0.9418813389462871,0.940970360305324,0.9886972541598158,0.16611038875342007,0.09611819825341351,0.85,0.230708873268639
0013_01_frame001,front_back_occupancy_true,4,6,left_leg,left_foot_endpoint,True,0.7752140542362459,0.7737102473243903,0.745682417588182,0.3782825805535976,0.1758425618649261,0.0,0.44965063153760604
0013_01_frame001,front_back_occupancy_true,4,7,left_leg,right_foot_endpoint,False,0.8121972571418757,0.8064144960318922,0.7637946021505518,0.41501727163529817,0.29899456760324383,0.95,0.5764128772712475
0013_01_frame001,front_back_occupancy_true,5,6,right_leg,left_foot_endpoint,False,0.7298290002631824,0.7221630216438397,0.8163492241540412,0.4985000375190341,0.2719566772475337,0.9207842595890477,0.6923611632208807
0013_01_frame001,front_back_occupancy_true,5,7,right_leg,right_foot_endpoint,True,0.8773598911128649,0.8730821480021153,0.8359033266145328,0.29164727545829405,0.21345651635428903,0.0,0.3789856670141301
0013_01_frame001,front_back_occupancy_true,6,7,left_foot_endpoint,right_foot_endpoint,False,0.6964160733888868,0.6697729797155766,0.9825990174767549,0.6288275445382004,0.4657711226718737,0.703135144435278,0.8733715896363895
0013_01_frame001,collision_aware_topology_true,0,1,head_hair,torso_shoulder,True,0.6637830304993024,0.0,1.0,0.21179706974026768,0.19152529480791958,0.0,0.41871301511614784
0013_01_frame001,collision_aware_topology_true,0,2,head_hair,left_arm_endpoint,False,0.5677354340704864,0.0,1.0,0.29267103363467944,0.21760828423551795,0.0,0.40648754671483256
0013_01_frame001,collision_aware_topology_true,0,3,head_hair,right_arm_endpoint,False,0.5993599032455794,0.5400458261057555,1.0,0.2909861320183607,0.16863439839567557,0.42591342580817426,0.40414740558105655
0013_01_frame001,collision_aware_topology_true,0,4,head_hair,left_leg,False,0.8900546896244879,0.8751054322472489,1.0,0.21466974399202268,0.19760285877554518,1.0,0.29815242221114263
0013_01_frame001,collision_aware_topology_true,0,5,head_hair,right_leg,False,1.0,1.0,1.0,0.23403840046282867,0.21147498924600197,1.0,0.32505333397615094
0013_01_frame001,collision_aware_topology_true,0,6,head_hair,left_foot_endpoint,False,1.0,1.0,1.0,0.24266105279629532,0.17443053022450244,1.0,0.3370292399948546
0013_01_frame001,collision_aware_topology_true,0,7,head_hair,right_foot_endpoint,False,1.0,1.0,1.0,0.2353750526788937,0.19820628660807957,1.0,0.3269097953873524
0013_01_frame001,collision_aware_topology_true,1,2,torso_shoulder,left_arm_endpoint,True,0.8493546148078243,0.824631128926745,0.9880804218746654,0.24043041042391972,0.09100385289076082,0.0,0.6612297786450596
0013_01_frame001,collision_aware_topology_true,1,3,torso_shoulder,right_arm_endpoint,True,0.8591763587557845,0.8523583715584389,1.0,0.20585888764066612,0.08991564554385245,0.0,0.6645085861158242
0013_01_frame001,collision_aware_topology_true,1,4,torso_shoulder,left_leg,True,1.0,1.0,1.0,0.0735889485494629,0.028161840415216396,0.0,0.8798460187411253
0013_01_frame001,collision_aware_topology_true,1,5,torso_shoulder,right_leg,True,1.0,1.0,1.0,0.028396205757827128,0.019964602260279952,0.0,0.9132476449272368
0013_01_frame001,collision_aware_topology_true,1,6,torso_shoulder,left_foot_endpoint,False,1.0,1.0,1.0,0.21914968119940825,0.08623476735148608,1.0,0.3043745572214004
0013_01_frame001,collision_aware_topology_true,1,7,torso_shoulder,right_foot_endpoint,False,0.9083767697093931,0.8984047085638911,1.0,0.4192072155447526,0.385229094686684,1.0,0.5822322438121564
0013_01_frame001,collision_aware_topology_true,2,3,left_arm_endpoint,right_arm_endpoint,False,0.5670437957054325,0.2618880376477744,0.9230618807666406,0.44403862724758475,0.17684371555619438,0.15810212738447754,0.6167203156216455
0013_01_frame001,collision_aware_topology_true,2,4,left_arm_endpoint,left_leg,False,0.9454411460318978,0.9421602039153639,1.0,0.16691452730007222,0.06296470227585894,1.0,0.23182573236121143
0013_01_frame001,collision_aware_topology_true,2,5,left_arm_endpoint,right_leg,False,0.8805630601454205,0.8625313826564733,1.0,0.2459242888687657,0.09101760931736044,1.0,0.34156151231773013
0013_01_frame001,collision_aware_topology_true,2,6,left_arm_endpoint,left_foot_endpoint,False,1.0,1.0,1.0,0.05295726295285539,0.04375240567217002,1.0,0.07355175410118804
0013_01_frame001,collision_aware_topology_true,2,7,left_arm_endpoint,right_foot_endpoint,False,0.7713810003295937,0.7557184587494281,1.0,0.5238907999306762,0.41499104711364454,1.0,0.7276261110148281
0013_01_frame001,collision_aware_topology_true,3,4,right_arm_endpoint,left_leg,False,0.9190796028479168,0.9114740063136064,1.0,0.27862318964094673,0.11678703936388221,1.0,0.3869766522790927
0013_01_frame001,collision_aware_topology_true,3,5,right_arm_endpoint,right_leg,False,0.9616812398421019,0.960111286117361,1.0,0.2089110675799664,0.10155049424896577,1.0,0.2901542605277311
0013_01_frame001,collision_aware_topology_true,3,6,right_arm_endpoint,left_foot_endpoint,False,0.9207924330618166,0.9135310616418405,1.0,0.416358727828901,0.15779546678614814,1.0,0.5782760108734736
0013_01_frame001,collision_aware_topology_true,3,7,right_arm_endpoint,right_foot_endpoint,False,0.965133196012682,0.9638415185278117,1.0,0.38779283351020616,0.3385708744751981,1.0,0.5386011576530642
0013_01_frame001,collision_aware_topology_true,4,5,left_leg,right_leg,False,0.9782761818670486,0.9777863911772008,1.0,0.08207643429805356,0.0313495153275458,0.85,0.1139950476361855
0013_01_frame001,collision_aware_topology_true,4,6,left_leg,left_foot_endpoint,True,1.0,1.0,1.0,0.14889986685397905,0.06441999624209957,0.0,0.7461578061635251
0013_01_frame001,collision_aware_topology_true,4,7,left_leg,right_foot_endpoint,False,0.824541184927179,0.8071293289006143,1.0,0.44226653215650774,0.39449725724387064,0.95,0.6142590724395941
0013_01_frame001,collision_aware_topology_true,5,6,right_leg,left_foot_endpoint,False,0.9791496039861203,0.9786990971317576,1.0,0.2281767257368943,0.09557151422259369,0.95,0.31691211907901984
0013_01_frame001,collision_aware_topology_true,5,7,right_leg,right_foot_endpoint,True,0.8464682793296289,0.8140260049549789,1.0,0.4404567323605203,0.40507005822728714,0.0,0.1586225913850365
0013_01_frame001,collision_aware_topology_true,6,7,left_foot_endpoint,right_foot_endpoint,False,0.7973145847048134,0.784016167211285,0.9784653366458916,0.47288449710392316,0.3714153579991649,0.8,0.6567840237554489
0021_03_frame001,multishell_topology_decoder_true,0,1,head_hair,torso_shoulder,True,0.8724707706140767,0.8515139394417747,1.0,0.1462659568353199,0.09735640702930577,0.0,0.6424096318896083
0021_03_frame001,multishell_topology_decoder_true,0,2,head_hair,left_arm_endpoint,False,0.7962373798648169,0.7541311598708638,1.0,0.25554821609782924,0.187301649431611,0.65,0.3549280779136517
0021_03_frame001,multishell_topology_decoder_true,0,3,head_hair,right_arm_endpoint,False,0.6954762262212516,0.44213268789841653,1.0,0.3292309509862688,0.21129120075433794,0.3161831847137427,0.45726520970315115
0021_03_frame001,multishell_topology_decoder_true,0,4,head_hair,left_leg,False,1.0,1.0,1.0,0.0946547660254983,0.059086123195922484,1.0,0.1314649528131921
0021_03_frame001,multishell_topology_decoder_true,0,5,head_hair,right_leg,False,1.0,1.0,1.0,0.12713799122798541,0.08413194506592929,1.0,0.17658054337220197
0021_03_frame001,multishell_topology_decoder_true,0,6,head_hair,left_foot_endpoint,False,0.9602463652563364,0.9585521780168736,1.0,0.14173998911186372,0.09679082636841457,1.0,0.19686109598869964
0021_03_frame001,multishell_topology_decoder_true,0,7,head_hair,right_foot_endpoint,False,0.9736498196503871,0.9729232884223018,1.0,0.33085893574655695,0.24295988393867493,1.0,0.4595262996479958
0021_03_frame001,multishell_topology_decoder_true,1,2,torso_shoulder,left_arm_endpoint,True,0.6594343543648707,0.5606721539088924,1.0,0.3128210540397333,0.228754536830148,0.0,0.3535277311892732
0021_03_frame001,multishell_topology_decoder_true,1,3,torso_shoulder,right_arm_endpoint,True,0.7976289582841393,0.7588560372415444,1.0,0.1968256759315065,0.11503698204488721,0.0,0.5928016788528535
0021_03_frame001,multishell_topology_decoder_true,1,4,torso_shoulder,left_leg,True,1.0,1.0,1.0,0.09825819537161543,0.06435664398021161,0.0,0.7463727043069835
0021_03_frame001,multishell_topology_decoder_true,1,5,torso_shoulder,right_leg,True,1.0,1.0,1.0,0.11764290092348026,0.08351856690198531,0.0,0.6841145876718198
0021_03_frame001,multishell_topology_decoder_true,1,6,torso_shoulder,left_foot_endpoint,False,0.9751402850465843,0.9744953268588126,1.0,0.24263551860873545,0.1660696990440831,1.0,0.3369937758454659
0021_03_frame001,multishell_topology_decoder_true,1,7,torso_shoulder,right_foot_endpoint,False,1.0,1.0,1.0,0.2736534273576786,0.19867932250134604,1.0,0.38007420466344255
0021_03_frame001,multishell_topology_decoder_true,2,3,left_arm_endpoint,right_arm_endpoint,False,0.4075914831369815,0.24217421426396107,0.962441736038837,0.4132497286315466,0.2965292952577114,0.1275117117889051,0.5739579564327036
0021_03_frame001,multishell_topology_decoder_true,2,4,left_arm_endpoint,left_leg,False,0.9739806662232486,0.9732726808508292,1.0,0.22465640362836073,0.16829224395096343,1.0,0.31202278281716767
0021_03_frame001,multishell_topology_decoder_true,2,5,left_arm_endpoint,right_leg,False,0.998253610066094,0.9982505512800408,1.0,0.19646520700231224,0.14529143265584732,1.0,0.272868343058767
0021_03_frame001,multishell_topology_decoder_true,2,6,left_arm_endpoint,left_foot_endpoint,False,0.9560274787085893,0.9539383819423762,1.0,0.1328721838911921,0.09735521027938286,1.0,0.18454469984887792
0021_03_frame001,multishell_topology_decoder_true,2,7,left_arm_endpoint,right_foot_endpoint,False,0.7818952762885903,0.7018223461417635,1.0,0.5556543812727508,0.4197819277444753,1.0,0.7717421962121539
0021_03_frame001,multishell_topology_decoder_true,3,4,right_arm_endpoint,left_leg,False,1.0,1.0,1.0,0.25014028040516023,0.16529755264246068,1.0,0.3474170561182781
0021_03_frame001,multishell_topology_decoder_true,3,5,right_arm_endpoint,right_leg,False,1.0,1.0,1.0,0.24783128969202547,0.16693328556304737,1.0,0.34421012457225764
0021_03_frame001,multishell_topology_decoder_true,3,6,right_arm_endpoint,left_foot_endpoint,False,0.8004801898136074,0.7792609507543202,1.0,0.38291959175922813,0.2623726027418216,1.0,0.5318327663322613
0021_03_frame001,multishell_topology_decoder_true,3,7,right_arm_endpoint,right_foot_endpoint,False,0.9881089307423773,0.9879646624971702,1.0,0.3150632406117991,0.2236334637808072,1.0,0.4375878341830543
0021_03_frame001,multishell_topology_decoder_true,4,5,left_leg,right_leg,False,0.9820376501057518,0.981895893705204,0.9994310220425205,0.042334585070950594,0.030596132378885477,0.85,0.05879803482076471
0021_03_frame001,multishell_topology_decoder_true,4,6,left_leg,left_foot_endpoint,True,1.0,1.0,1.0,0.14666436312544665,0.10210773546620876,0.0,0.6286842910530472
0021_03_frame001,multishell_topology_decoder_true,4,7,left_leg,right_foot_endpoint,False,0.8938759662402315,0.8800671000490757,1.0,0.3348957934847259,0.2520645499780082,0.95,0.4651330465065638
0021_03_frame001,multishell_topology_decoder_true,5,6,right_leg,left_foot_endpoint,False,0.9837647364501635,0.9834937802279724,1.0,0.14431955143989614,0.09567407419821561,0.95,0.2004438214443002
0021_03_frame001,multishell_topology_decoder_true,5,7,right_leg,right_foot_endpoint,True,0.8799795407110245,0.8617463262558451,1.0,0.37024071181935714,0.2785914142683892,0.0,0.2818656865569068
0021_03_frame001,multishell_topology_decoder_true,6,7,left_foot_endpoint,right_foot_endpoint,False,0.8198574774503121,0.7989967513704892,1.0,0.45110176933875423,0.3386427605749025,0.8,0.6265302351927142
0021_03_frame001,front_back_occupancy_true,0,1,head_hair,torso_shoulder,True,0.894891995607311,0.8813769708344596,1.0,0.16171640005581642,0.09979103095125377,0.0,0.6353396156694475
0021_03_frame001,front_back_occupancy_true,0,2,head_hair,left_arm_endpoint,False,0.6260519851243744,0.5070378834163802,0.7540903142632752,0.3609560521446216,0.2616320889534502,0.3889217658976675,0.5013278502008633
0021_03_frame001,front_back_occupancy_true,0,3,head_hair,right_arm_endpoint,False,0.6722644257647094,0.4256448177188425,0.9342505762665447,0.3440300222972235,0.20340430984923127,0.29770539916766836,0.47781947541281045
0021_03_frame001,front_back_occupancy_true,0,4,head_hair,left_leg,False,1.0,1.0,1.0,0.2809061907887355,0.18813235069943543,1.0,0.3901474872065771
0021_03_frame001,front_back_occupancy_true,0,5,head_hair,right_leg,False,1.0,1.0,1.0,0.2416727908089326,0.1909516808421776,1.0,0.3356566539012953
0021_03_frame001,front_back_occupancy_true,0,6,head_hair,left_foot_endpoint,False,0.8875348554248274,0.8836479377129793,0.8641871860991834,0.2271967880877902,0.15542081704104832,1.0,0.3155510945663753
0021_03_frame001,front_back_occupancy_true,0,7,head_hair,right_foot_endpoint,False,0.9395103203818046,0.9359114255172762,0.8257751495045713,0.32176680178771355,0.2161561772505112,1.0,0.44689833581626887
0021_03_frame001,front_back_occupancy_true,1,2,torso_shoulder,left_arm_endpoint,True,0.5054977081440494,0.43775099000492934,0.8186624972217622,0.37940814192035444,0.255082409914251,0.0,0.31365378415649137
0021_03_frame001,front_back_occupancy_true,1,3,torso_shoulder,right_arm_endpoint,True,0.7569953271482301,0.7112580699828741,1.0,0.20146565019258356,0.11586136814843874,0.0,0.5905844834759927
0021_03_frame001,front_back_occupancy_true,1,4,torso_shoulder,left_leg,True,0.9330036959661941,0.9279350987215113,1.0,0.4364868437125606,0.2827856966349345,0.0,0.2765428408720905
0021_03_frame001,front_back_occupancy_true,1,5,torso_shoulder,right_leg,True,1.0,1.0,1.0,0.3480562772769759,0.2558011363643335,0.0,0.3126307685361453
0021_03_frame001,front_back_occupancy_true,1,6,torso_shoulder,left_foot_endpoint,False,1.0,1.0,1.0,0.2952437225929105,0.17985808358995922,1.0,0.4100607258234868
0021_03_frame001,front_back_occupancy_true,1,7,torso_shoulder,right_foot_endpoint,False,1.0,1.0,1.0,0.3207832300708486,0.2280381674435085,1.0,0.44553226398728973
0021_03_frame001,front_back_occupancy_true,2,3,left_arm_endpoint,right_arm_endpoint,False,0.29972420164994745,0.0,0.8469048229259246,0.510481905940968,0.3482117918103103,0.0,0.7090026471402333
0021_03_frame001,front_back_occupancy_true,2,4,left_arm_endpoint,left_leg,False,0.816217426212163,0.7655436514006572,1.0,0.5341599336943428,0.40485345203388495,1.0,0.7418887967976984
0021_03_frame001,front_back_occupancy_true,2,5,left_arm_endpoint,right_leg,False,0.7658671766737543,0.6817216187922526,0.9714711099225191,0.5841305423211041,0.448744617707225,0.8995200324004354,0.8112924198904223
0021_03_frame001,front_back_occupancy_true,2,6,left_arm_endpoint,left_foot_endpoint,False,0.9560920369696665,0.9540093199329911,1.0,0.15031676862426574,0.11369068979955449,1.0,0.20877328975592466
0021_03_frame001,front_back_occupancy_true,2,7,left_arm_endpoint,right_foot_endpoint,False,0.7343709171128329,0.6320780830752367,1.0,0.6034163010021948,0.46983609820698063,0.8953205023840697,0.8380781958363817
0021_03_frame001,front_back_occupancy_true,3,4,right_arm_endpoint,left_leg,False,0.7356505444225357,0.591502093511589,1.0,0.5888385789930404,0.3633764847225178,0.743969126744119,0.817831359712556
0021_03_frame001,front_back_occupancy_true,3,5,right_arm_endpoint,right_leg,False,0.9151243420915863,0.9066880478038032,1.0,0.4608380627622455,0.299889872213475,1.0,0.6400528649475632
0021_03_frame001,front_back_occupancy_true,3,6,right_arm_endpoint,left_foot_endpoint,False,0.7886779816183647,0.7464765307833181,1.0,0.4575360887935637,0.29113229069969765,1.0,0.6354667899910608
0021_03_frame001,front_back_occupancy_true,3,7,right_arm_endpoint,right_foot_endpoint,False,0.9955952235113279,0.995575677752128,0.9867856705339838,0.30694395732751906,0.21887871598680722,1.0,0.4263110518437765
0021_03_frame001,front_back_occupancy_true,4,5,left_leg,right_leg,False,0.9242303993382909,0.9213822613533047,1.0,0.19553964904390397,0.12119100375043533,0.85,0.2715828458943111
0021_03_frame001,front_back_occupancy_true,4,6,left_leg,left_foot_endpoint,True,0.8695416631523746,0.8600734892140462,1.0,0.3859346010935208,0.2919511281180223,0.0,0.26525846668525765
0021_03_frame001,front_back_occupancy_true,4,7,left_leg,right_foot_endpoint,False,0.8466767757459831,0.829375374320356,1.0,0.41161129826323145,0.24275395139083378,0.95,0.5716823586989326
0021_03_frame001,front_back_occupancy_true,5,6,right_leg,left_foot_endpoint,False,0.8598917640937321,0.8400268977070118,0.9661401372503728,0.43824149123898654,0.33713631977611397,0.95,0.6086687378319258
0021_03_frame001,front_back_occupancy_true,5,7,right_leg,right_foot_endpoint,True,0.9117918147918447,0.9092475439180461,0.9020208637087952,0.26071611783085485,0.12858118824739012,0.0,0.5574068099954126
0021_03_frame001,front_back_occupancy_true,6,7,left_foot_endpoint,right_foot_endpoint,False,0.7530112658508972,0.7360868614407988,0.9651888987891867,0.49039626375318834,0.37033756153806213,0.7946025675045502,0.6811059218794283
0021_03_frame001,collision_aware_topology_true,0,1,head_hair,torso_shoulder,True,0.9453621665720435,0.9420712211978399,1.0,0.06490271280629195,0.041750468921045794,0.0,0.8271453375316101
0021_03_frame001,collision_aware_topology_true,0,2,head_hair,left_arm_endpoint,False,0.81692160280167,0.7667433199336418,1.0,0.26571128297617824,0.18362340758959442,0.65,0.36904344857802535
0021_03_frame001,collision_aware_topology_true,0,3,head_hair,right_arm_endpoint,False,0.7475271606349937,0.6236666888986101,1.0,0.2212770567544015,0.15938925096664724,0.5196264616967182,0.30732924549222435
0021_03_frame001,collision_aware_topology_true,0,4,head_hair,left_leg,False,1.0,1.0,1.0,0.11761104212026559,0.08124850546606582,1.0,0.16334866961147998
0021_03_frame001,collision_aware_topology_true,0,5,head_hair,right_leg,False,1.0,1.0,1.0,0.16794347034804874,0.11513884177817264,1.0,0.23325481992784547
0021_03_frame001,collision_aware_topology_true,0,6,head_hair,left_foot_endpoint,False,0.8556159021319235,0.8276031428384106,1.0,0.2813703118999235,0.19478737689135894,1.0,0.3907920998610049
0021_03_frame001,collision_aware_topology_true,0,7,head_hair,right_foot_endpoint,False,1.0,1.0,1.0,0.18523055500031033,0.12848028101841302,1.0,0.2572646597226532
0021_03_frame001,collision_aware_topology_true,1,2,torso_shoulder,left_arm_endpoint,True,0.6849103863831051,0.5975115118646441,1.0,0.31026969018977985,0.21300614563982648,0.0,0.3797622982502084
0021_03_frame001,collision_aware_topology_true,1,3,torso_shoulder,right_arm_endpoint,True,0.8054711796240385,0.7467495113742442,1.0,0.17287787283517508,0.12258500837640991,0.0,0.572808064969977
0021_03_frame001,collision_aware_topology_true,1,4,torso_shoulder,left_leg,True,1.0,1.0,1.0,0.14415320152341493,0.09940026681817783,0.0,0.636469109085603
0021_03_frame001,collision_aware_topology_true,1,5,torso_shoulder,right_leg,True,1.0,1.0,1.0,0.17008450917414553,0.11810614230919464,0.0,0.5845890826382253
0021_03_frame001,collision_aware_topology_true,1,6,torso_shoulder,left_foot_endpoint,False,0.8268972720799687,0.7833495100220998,1.0,0.32472249965928396,0.22504222033793297,1.0,0.4510034717490055
0021_03_frame001,collision_aware_topology_true,1,7,torso_shoulder,right_foot_endpoint,False,1.0,1.0,1.0,0.14753002541115745,0.09874647716284195,1.0,0.20490281307105201
0021_03_frame001,collision_aware_topology_true,2,3,left_arm_endpoint,right_arm_endpoint,False,0.4224740621671837,0.25083971485937034,0.9790024399066941,0.3899209215786868,0.274107262263149,0.14095817823005746,0.5415568355259539
0021_03_frame001,collision_aware_topology_true,2,4,left_arm_endpoint,left_leg,False,1.0,0.9999999999999999,1.0,0.17147630473576653,0.11737384439450685,1.0,0.2381615343552313
0021_03_frame001,collision_aware_topology_true,2,5,left_arm_endpoint,right_leg,False,1.0,0.9999999999999999,1.0,0.19767133270100784,0.13376305449018208,1.0,0.27454351764028867
0021_03_frame001,collision_aware_topology_true,2,6,left_arm_endpoint,left_foot_endpoint,False,1.0,0.9999999999999999,1.0,0.032673448353328895,0.013120412353898585,1.0,0.04537978937962347
0021_03_frame001,collision_aware_topology_true,2,7,left_arm_endpoint,right_foot_endpoint,False,0.8723471110074121,0.8513433581727738,1.0,0.4479196707310179,0.31041255147890506,1.0,0.6221106537930804
0021_03_frame001,collision_aware_topology_true,3,4,right_arm_endpoint,left_leg,False,1.0,1.0,1.0,0.23223675849344383,0.16409490205839447,1.0,0.32255105346311647
0021_03_frame001,collision_aware_topology_true,3,5,right_arm_endpoint,right_leg,False,1.0,1.0,1.0,0.2059637462579739,0.14120655648787275,1.0,0.28606075869163045
0021_03_frame001,collision_aware_topology_true,3,6,right_arm_endpoint,left_foot_endpoint,False,0.7053608298189392,0.6673041525478727,1.0,0.40861617198629074,0.2872246645682018,0.962128565177,0.5675224610920705
0021_03_frame001,collision_aware_topology_true,3,7,right_arm_endpoint,right_foot_endpoint,False,1.0,1.0,1.0,0.21214639494636436,0.15060906600905644,1.0,0.2946477707588394
0021_03_frame001,collision_aware_topology_true,4,5,left_leg,right_leg,False,0.9677719611353351,0.9673985898261375,0.9847622048010871,0.06959986942990087,0.04697501598347348,0.85,0.09666648531930677
0021_03_frame001,collision_aware_topology_true,4,6,left_leg,left_foot_endpoint,True,0.9582703135371219,0.9563966992622763,1.0,0.18672799914061924,0.13012731224288016,0.0,0.5535031792640147
0021_03_frame001,collision_aware_topology_true,4,7,left_leg,right_foot_endpoint,False,0.9212431960445819,0.914070876709541,1.0,0.2872736457163575,0.19814641057525934,0.95,0.3989911746060521
0021_03_frame001,collision_aware_topology_true,5,6,right_leg,left_foot_endpoint,False,0.9405853468267605,0.9394942729323972,1.0,0.21017641039836477,0.14681972867550433,0.95,0.29191168110883997
0021_03_frame001,collision_aware_topology_true,5,7,right_leg,right_foot_endpoint,True,0.9154691059333628,0.9073111360126797,1.0,0.3103916096050785,0.21247830473506607,0.0,0.3806745470681519
0021_03_frame001,collision_aware_topology_true,6,7,left_foot_endpoint,right_foot_endpoint,False,0.8333178017060842,0.8088334962978895,0.998193635265515,0.4649949909079004,0.32208049939569616,0.8,0.6458263762609728
current_v895_0021_03,multishell_topology_decoder_true,0,1,head_hair,torso_shoulder,True,0.8979139576349668,0.8852500694179397,1.0,0.12274710350635509,0.08360782825594192,0.0,0.6838370758173762
current_v895_0021_03,multishell_topology_decoder_true,0,2,head_hair,left_arm_endpoint,False,0.7566090672776332,0.6804813522244734,1.0,0.2796686054295614,0.20057059554563744,0.5832980671481167,0.3884286186521686
current_v895_0021_03,multishell_topology_decoder_true,0,3,head_hair,right_arm_endpoint,False,0.6995991500451414,0.5063422983903907,1.0,0.29906134048503885,0.20195568953248186,0.3881422309547482,0.4153629728958873
current_v895_0021_03,multishell_topology_decoder_true,0,4,head_hair,left_leg,False,1.0,1.0,1.0,0.06611013865162364,0.04545049664411213,1.0,0.09181963701614396
current_v895_0021_03,multishell_topology_decoder_true,0,5,head_hair,right_leg,False,1.0,1.0,1.0,0.1250637871415661,0.08760192642007825,1.0,0.17369970436328627
current_v895_0021_03,multishell_topology_decoder_true,0,6,head_hair,left_foot_endpoint,False,0.9760047942476285,0.9754048313137813,1.0,0.15926481119357735,0.11205305320634065,1.0,0.22120112665774633
current_v895_0021_03,multishell_topology_decoder_true,0,7,head_hair,right_foot_endpoint,False,0.9877728555463987,0.9876202292587468,1.0,0.3392085985807084,0.24168174405317838,1.0,0.4711230535843172
current_v895_0021_03,multishell_topology_decoder_true,1,2,torso_shoulder,left_arm_endpoint,True,0.643985904782054,0.4764624679728017,1.0,0.3325822489607337,0.23607965997543262,0.0,0.3419504745972954
current_v895_0021_03,multishell_topology_decoder_true,1,3,torso_shoulder,right_arm_endpoint,True,0.7918428813315899,0.7442315666648619,1.0,0.19598902944712496,0.11892116413247104,0.0,0.5824273944356861
current_v895_0021_03,multishell_topology_decoder_true,1,4,torso_shoulder,left_leg,True,1.0,1.0,1.0,0.08876556990806052,0.057710952771308846,0.0,0.7692628867248109
current_v895_0021_03,multishell_topology_decoder_true,1,5,torso_shoulder,right_leg,True,1.0,1.0,1.0,0.13409980144530256,0.09187458806190552,0.0,0.6586178780200782
current_v895_0021_03,multishell_topology_decoder_true,1,6,torso_shoulder,left_foot_endpoint,False,0.9764291708615378,0.9758506755366495,1.0,0.2527586846748625,0.17460919515846643,1.0,0.35105372871508683
current_v895_0021_03,multishell_topology_decoder_true,1,7,torso_shoulder,right_foot_endpoint,False,1.0,1.0,1.0,0.2996198045862836,0.20932029605053823,1.0,0.4161386174809495
current_v895_0021_03,multishell_topology_decoder_true,2,3,left_arm_endpoint,right_arm_endpoint,False,0.3955748052289148,0.0,0.9496427759464452,0.43399933970683024,0.30736515634165223,0.0,0.6027768607039309
current_v895_0021_03,multishell_topology_decoder_true,2,4,left_arm_endpoint,left_leg,False,0.9730888907571763,0.9723303421819833,1.0,0.2571780913186997,0.1848901860657034,1.0,0.357191793498194
current_v895_0021_03,multishell_topology_decoder_true,2,5,left_arm_endpoint,right_leg,False,1.0,1.0,1.0,0.20170066432795739,0.14465029052233863,1.0,0.2801398115666075
current_v895_0021_03,multishell_topology_decoder_true,2,6,left_arm_endpoint,left_foot_endpoint,False,0.9702363768171219,0.96930375886966,1.0,0.1456826763974395,0.10405626007023398,1.0,0.20233705055199933
current_v895_0021_03,multishell_topology_decoder_true,2,7,left_arm_endpoint,right_foot_endpoint,False,0.7510669257654197,0.6326376166752676,1.0,0.606542312461322,0.4371050415799453,0.8963816867979214,0.8424198784185027
current_v895_0021_03,multishell_topology_decoder_true,3,4,right_arm_endpoint,left_leg,False,1.0,1.0,1.0,0.24722020029430566,0.16731748351832618,1.0,0.34336138929764676
current_v895_0021_03,multishell_topology_decoder_true,3,5,right_arm_endpoint,right_leg,False,1.0,1.0,1.0,0.2541471615278748,0.17497401160634868,1.0,0.352982168788715
current_v895_0021_03,multishell_topology_decoder_true,3,6,right_arm_endpoint,left_foot_endpoint,False,0.818174479464605,0.8004815365573258,1.0,0.3954674464467192,0.2763553578017422,1.0,0.5492603422871101
current_v895_0021_03,multishell_topology_decoder_true,3,7,right_arm_endpoint,right_foot_endpoint,False,0.9978670848849159,0.9978625193165012,1.0,0.33001457773914783,0.23380831307047692,1.0,0.4583535801932609
current_v895_0021_03,multishell_topology_decoder_true,4,5,left_leg,right_leg,False,0.978508648113988,0.9780294794240103,1.0,0.06933954771661664,0.049503062311751014,0.85,0.09630492738418979
current_v895_0021_03,multishell_topology_decoder_true,4,6,left_leg,left_foot_endpoint,True,0.9962428729633421,0.9962286678973308,1.0,0.16621151953710966,0.11689878177445526,0.0,0.587806128447987
current_v895_0021_03,multishell_topology_decoder_true,4,7,left_leg,right_foot_endpoint,False,0.8893383422060582,0.874169018579777,1.0,0.3524374374568195,0.25268539557151953,0.95,0.4894964409122493
current_v895_0021_03,multishell_topology_decoder_true,5,6,right_leg,left_foot_endpoint,False,0.9684898657892655,0.9674413017798486,1.0,0.14891519114921353,0.10331551470549712,0.95,0.20682665437390768
current_v895_0021_03,multishell_topology_decoder_true,5,7,right_leg,right_foot_endpoint,True,0.8648536594112252,0.8408763427153,1.0,0.41465609981284995,0.2981303639748975,0.0,0.25791169552137716
current_v895_0021_03,multishell_topology_decoder_true,6,7,left_foot_endpoint,right_foot_endpoint,False,0.7895600410941453,0.7635822136187485,1.0,0.49161918692959355,0.3535962334738654,0.8,0.6828044262911022
current_v895_0021_03,front_back_occupancy_true,0,1,head_hair,torso_shoulder,True,0.8837456862101237,0.8667882896870789,1.0,0.11616810150480579,0.07902666234290061,0.0,0.6982262407709361
current_v895_0021_03,front_back_occupancy_true,0,2,head_hair,left_arm_endpoint,False,0.6986190938718989,0.5257848406789549,1.0,0.3539755516657478,0.25441180545315106,0.4099312869677943,0.491632710646872
current_v895_0021_03,front_back_occupancy_true,0,3,head_hair,right_arm_endpoint,False,0.6840166857499089,0.37337084601646003,1.0,0.2996337106768785,0.19312098628881658,0.23912249984603284,0.4161579314956646
current_v895_0021_03,front_back_occupancy_true,0,4,head_hair,left_leg,False,1.0,1.0,1.0,0.23348059925319706,0.15709975075887192,1.0,0.3242786100738848
current_v895_0021_03,front_back_occupancy_true,0,5,head_hair,right_leg,False,1.0,1.0,1.0,0.24825026988523147,0.1748212539279475,1.0,0.34479204150726595
current_v895_0021_03,front_back_occupancy_true,0,6,head_hair,left_foot_endpoint,False,0.7371482552825288,0.7085478273884322,0.7114590233207039,0.39056528658550504,0.23829213185828185,1.0,0.5424517869243126
current_v895_0021_03,front_back_occupancy_true,0,7,head_hair,right_foot_endpoint,False,0.9767637065465897,0.9762018471800458,0.9302911196397693,0.31878211631545006,0.19111039331946564,1.0,0.442752939327014
current_v895_0021_03,front_back_occupancy_true,1,2,torso_shoulder,left_arm_endpoint,True,0.5444957324981171,0.34725816206740606,0.7990592137180748,0.34441513992309686,0.24457543970717963,0.0,0.32899703378004147
current_v895_0021_03,front_back_occupancy_true,1,3,torso_shoulder,right_arm_endpoint,True,0.638529170070063,0.6204346999847129,0.6370847081659243,0.2104996425208363,0.12044359294491135,0.0,0.5784108341785329
current_v895_0021_03,front_back_occupancy_true,1,4,torso_shoulder,left_leg,True,0.9907643191949878,0.9906776836669492,1.0,0.34827969823887134,0.2353114244169494,0.0,0.3431466460388099
current_v895_0021_03,front_back_occupancy_true,1,5,torso_shoulder,right_leg,True,1.0,1.0,1.0,0.33528800885300036,0.23266007145546647,0.0,0.3473071335767384
current_v895_0021_03,front_back_occupancy_true,1,6,torso_shoulder,left_foot_endpoint,False,0.7681943617630113,0.7552997767620948,0.8382748174988242,0.4292346071459744,0.26032644196764543,1.0,0.5961591765916311
current_v895_0021_03,front_back_occupancy_true,1,7,torso_shoulder,right_foot_endpoint,False,1.0,1.0,1.0,0.3550641680309064,0.2143991458170275,1.0,0.49314467782070337
current_v895_0021_03,front_back_occupancy_true,2,3,left_arm_endpoint,right_arm_endpoint,False,0.3320308642700377,0.0,0.8817143425143312,0.45519126559412987,0.32438106726907284,0.0,0.6322100911029582
current_v895_0021_03,front_back_occupancy_true,2,4,left_arm_endpoint,left_leg,False,0.8332027507594013,0.7934931849091769,1.0,0.49202651174083767,0.35311902005079443,1.0,0.683370155195608
current_v895_0021_03,front_back_occupancy_true,2,5,left_arm_endpoint,right_leg,False,0.7492651142397687,0.6281032586095073,1.0,0.5803725537633802,0.42111505887876166,0.8070745838094954,0.806072991338028
current_v895_0021_03,front_back_occupancy_true,2,6,left_arm_endpoint,left_foot_endpoint,False,1.0,0.9999999999999999,1.0,0.21214150257929676,0.10088723491868005,1.0,0.2946409758045788
current_v895_0021_03,front_back_occupancy_true,2,7,left_arm_endpoint,right_foot_endpoint,False,0.7479426445538212,0.6247330560595069,1.0,0.621599245333595,0.4438528538098655,0.8813902787335477,0.8633322851855486
current_v895_0021_03,front_back_occupancy_true,3,4,right_arm_endpoint,left_leg,False,0.8078171201487248,0.7509329784440391,1.0,0.49858785038465,0.33988296357708636,1.0,0.6924831255342361
current_v895_0021_03,front_back_occupancy_true,3,5,right_arm_endpoint,right_leg,False,0.8880351087269296,0.8724602603907248,1.0,0.4410746300571681,0.3031425262743676,1.0,0.612603652857178
current_v895_0021_03,front_back_occupancy_true,3,6,right_arm_endpoint,left_foot_endpoint,False,0.559363313328124,0.4859137338455493,1.0,0.5293761220116149,0.3650639779223391,0.6181122538450075,0.7352446139050207
current_v895_0021_03,front_back_occupancy_true,3,7,right_arm_endpoint,right_foot_endpoint,False,0.943879007247253,0.9403970790119359,1.0,0.3526002126396517,0.24209028587925463,1.0,0.4897225175550718
current_v895_0021_03,front_back_occupancy_true,4,5,left_leg,right_leg,False,0.9327548169549821,0.9312603030350775,1.0,0.16465069525754347,0.1176421689705029,0.85,0.2286815211910326
current_v895_0021_03,front_back_occupancy_true,4,6,left_leg,left_foot_endpoint,True,0.8466333382901386,0.818406101935913,0.9812885498653893,0.43239733018551096,0.2918893503144951,0.0,0.26533296389647654
current_v895_0021_03,front_back_occupancy_true,4,7,left_leg,right_foot_endpoint,False,0.8722325532384202,0.8718437542744074,0.9058121670540038,0.3272191421429596,0.2109028787468759,0.95,0.4544710307541106
current_v895_0021_03,front_back_occupancy_true,5,6,right_leg,left_foot_endpoint,False,0.7801633835363474,0.7154978381071954,0.9582355827257891,0.5472463987340996,0.38100235418562156,0.9098671486238544,0.7600644426862495
current_v895_0021_03,front_back_occupancy_true,5,7,right_leg,right_foot_endpoint,True,0.940437721634861,0.939361528379327,0.8880007910908331,0.20087775076253042,0.1043295389294234,0.0,0.6223670940628273
current_v895_0021_03,front_back_occupancy_true,6,7,left_foot_endpoint,right_foot_endpoint,False,0.7318432164581479,0.6765517284331993,1.0,0.5877806283786764,0.4265438081821661,0.7124851426664819,0.8163619838592728
current_v895_0021_03,collision_aware_topology_true,0,1,head_hair,torso_shoulder,True,0.9535939471417656,0.9512566348723834,1.0,0.051106496372515346,0.03401761382443108,0.0,0.8567359501379929
current_v895_0021_03,collision_aware_topology_true,0,2,head_hair,left_arm_endpoint,False,0.7427457656618254,0.6668022638744874,1.0,0.2916923728243086,0.1940582289301932,0.567968054342098,0.4051282955893175
current_v895_0021_03,collision_aware_topology_true,0,3,head_hair,right_arm_endpoint,False,0.7460553707352986,0.6198595868341745,1.0,0.212743780471058,0.15742118156476392,0.5153598817969197,0.29547747287646947
current_v895_0021_03,collision_aware_topology_true,0,4,head_hair,left_leg,False,1.0,1.0,1.0,0.1097206527175158,0.0738632360340161,1.0,0.15238979544099418
current_v895_0021_03,collision_aware_topology_true,0,5,head_hair,right_leg,False,0.9869521528000039,0.9867781047637225,0.9608564584000121,0.17466519733924643,0.1191168094569605,1.0,0.2425905518600645
current_v895_0021_03,collision_aware_topology_true,0,6,head_hair,left_foot_endpoint,False,0.8723406231171733,0.851334406616298,1.0,0.28256553579103993,0.18849104189136626,1.0,0.39245213304311105
current_v895_0021_03,collision_aware_topology_true,0,7,head_hair,right_foot_endpoint,False,1.0,1.0,1.0,0.1856053812001142,0.12345819805931958,1.0,0.25778525166682525
current_v895_0021_03,collision_aware_topology_true,1,2,torso_shoulder,left_arm_endpoint,True,0.633581967916872,0.47802053576696224,1.0,0.3259331758237202,0.21682158505116758,0.0,0.3732328992858394
current_v895_0021_03,collision_aware_topology_true,1,3,torso_shoulder,right_arm_endpoint,True,0.7885686541348885,0.7221754071848323,1.0,0.17294688762227703,0.12579183254534287,0.0,0.5645191020820017
current_v895_0021_03,collision_aware_topology_true,1,4,torso_shoulder,left_leg,True,1.0,1.0,1.0,0.12920883696889127,0.0856896739702777,0.0,0.6773964914508409
current_v895_0021_03,collision_aware_topology_true,1,5,torso_shoulder,right_leg,True,1.0,1.0,1.0,0.17582016835730202,0.11855101834356914,0.0,0.5834081421916844
current_v895_0021_03,collision_aware_topology_true,1,6,torso_shoulder,left_foot_endpoint,False,0.8584229434916549,0.8316813213754451,1.0,0.3164361092576213,0.21217733266067496,1.0,0.4394945961911407
current_v895_0021_03,collision_aware_topology_true,1,7,torso_shoulder,right_foot_endpoint,False,1.0,1.0,1.0,0.15856314219038942,0.10163153269637559,1.0,0.22022658637554088
current_v895_0021_03,collision_aware_topology_true,2,3,left_arm_endpoint,right_arm_endpoint,False,0.37696974855122306,0.0,1.0,0.4140484666633701,0.2872532845346274,0.0,0.5750673148102362
current_v895_0021_03,collision_aware_topology_true,2,4,left_arm_endpoint,left_leg,False,0.9967088354176274,0.9966979438441768,1.0,0.20181111792256592,0.13525202842941306,1.0,0.2802932193368971
current_v895_0021_03,collision_aware_topology_true,2,5,left_arm_endpoint,right_leg,False,1.0,1.0,1.0,0.21103020477741127,0.1436650809047168,1.0,0.29309750663529344
current_v895_0021_03,collision_aware_topology_true,2,6,left_arm_endpoint,left_foot_endpoint,False,1.0,1.0,1.0,0.028330603798918583,0.009096326410924884,1.0,0.039348060831831365
current_v895_0021_03,collision_aware_topology_true,2,7,left_arm_endpoint,right_foot_endpoint,False,0.8572465270294177,0.8299770551010591,1.0,0.47450542719034755,0.31679872620894445,1.0,0.6590353155421494
current_v895_0021_03,collision_aware_topology_true,3,4,right_arm_endpoint,left_leg,False,1.0,1.0,1.0,0.22761172595042925,0.1608210109262529,1.0,0.31612739715337396
current_v895_0021_03,collision_aware_topology_true,3,5,right_arm_endpoint,right_leg,False,1.0,1.0,1.0,0.21847792592922638,0.14544792252439923,1.0,0.30344156379059223
current_v895_0021_03,collision_aware_topology_true,3,6,right_arm_endpoint,left_foot_endpoint,False,0.734605041973151,0.7046971283409077,1.0,0.4118521341821621,0.28618682543328605,1.0,0.5720168530307808
current_v895_0021_03,collision_aware_topology_true,3,7,right_arm_endpoint,right_foot_endpoint,False,1.0,1.0,1.0,0.2088249544428562,0.14941523491052028,1.0,0.2900346589484114
current_v895_0021_03,collision_aware_topology_true,4,5,left_leg,right_leg,False,0.9704444154616443,0.9701821184374513,1.0,0.07755299684521542,0.05351857370862636,0.85,0.10771249561835476
current_v895_0021_03,collision_aware_topology_true,4,6,left_leg,left_foot_endpoint,True,0.9501760813208732,0.9474644274232721,1.0,0.19411342152871316,0.13197140973037963,0.0,0.5488829619678338
current_v895_0021_03,collision_aware_topology_true,4,7,left_leg,right_foot_endpoint,False,0.9233341896093195,0.9165666646957225,1.0,0.2833213995417886,0.1873068779478031,0.95,0.3935019438080397
current_v895_0021_03,collision_aware_topology_true,5,6,right_leg,left_foot_endpoint,False,0.939010107978536,0.9380265447747401,1.0,0.20492400075405734,0.14377963858876253,0.95,0.28461666771396854
current_v895_0021_03,collision_aware_topology_true,5,7,right_leg,right_foot_endpoint,True,0.9047569850645641,0.8949568231004587,1.0,0.32640379762072685,0.21473727091662015,0.0,0.3767857693290898
current_v895_0021_03,collision_aware_topology_true,6,7,left_foot_endpoint,right_foot_endpoint,False,0.8256502319350422,0.8015594289801138,1.0,0.4671887344789841,0.3115737905120508,0.8,0.6488732423319225
